{
  "userData": [
    {
      "id": 1,
      "userName": "Jenny",
      "password": "email",
      "email": "mark@dell.com",
      "phone": "333333333333",
      "address": "adfasdfasdf",
      "willingness": "",
      "dateOfBirth": "1945-01-01",
      "gender": "Male",
      "skills": [
        {
          "skillName": "C#",
          "experienceInYears": "2",
          "proficiency": "beginner"
        },
        {
          "skillName": "Java",
          "experienceInYears": "3",
          "proficiency": "intermediate"
        }
      ]
    },
    {
      "id": 2,
      "userName": "Mark",
      "password": "email",
      "email": "mark@dell.com",
      "phone": "22222222222222222",
      "address": "qweqweqw",
      "willingness": "",
      "dateOfBirth": "2020-02-03",
      "gender": "Female",
      "skills": [
        {
          "skillName": "Angular2",
          "experienceInYears": "22",
          "proficiency": "beginner"
        },
        {
          "skillName": "HTML2",
          "experienceInYears": "22",
          "proficiency": "intermediate"
        },
        {
          "skillName": "LINQ2",
          "experienceInYears": "32",
          "proficiency": "advanced"
        }
      ]
    },
    {
      "id": 3,
      "userName": "Gowri",
      "password": "asdfasdf",
      "email": "ss.ss@com",
      "phone": "4444444444",
      "address": "asdfasdfasdfasdf adsfasd",
      "willingness": "",
      "dateOfBirth": "2020-02-29",
      "gender": ""
    }
  ]
}