{
  "userData": [
    {
      "id": 1,
      "userName": "Jenny",
      "password": "email",
      "email": "mark@dell.com",
      "phone": "12345",
      "address":"adfasdfasdf",
      "willingness":"",
      "dateOfBirth":"01/01/1945",
      "gender":"Female",
      "skills": [
        {
          "skillName": "C#",
          "experienceInYears": "2",
          "proficiency": "beginner"
        },
        {
          "skillName": "Java",
          "experienceInYears": "3",
          "proficiency": "intermediate"
        }
      ]
    },
    {
      "id": 2,
      "userName": "Mark",
      "password": "email",
      "email": "mark@dell.com",
      "phone": "12345",
      "address":"qweqweqw",
      "willingness":"",
      "dateOfBirth":"2/3/2020",
      "gender":"Male",
      "skills": [
        {
          "skillName": "Angular2",
          "experienceInYears": "22",
          "proficiency": "beginner"
        },
        {
          "skillName": "HTML2",
          "experienceInYears": "22",
          "proficiency": "intermediate"
        },
        {
          "skillName": "LINQ2",
          "experienceInYears": "32",
          "proficiency": "advanced"
        }
      ]
    }
  ]
}